{
    "session_name": "run_20251027-141012",
    "time": "2025-10-27-14:10:12",
    "image_size": 416,
    "batch_size": 8,
    "learning_rate": 0.0001,
    "weight_decay": 0.0001,
    "num_epochs": 200,
    "anchors": [
        [
            [
                0.2788461446762085,
                0.2163461595773697
            ],
            [
                0.375,
                0.4759615361690521
            ],
            [
                0.8966346383094788,
                0.7836538553237915
            ]
        ],
        [
            [
                0.07211538404226303,
                0.14663460850715637
            ],
            [
                0.14903846383094788,
                0.10817307978868484
            ],
            [
                0.14182692766189575,
                0.2860576808452606
            ]
        ],
        [
            [
                0.024038461968302727,
                0.03125
            ],
            [
                0.03846153989434242,
                0.07211538404226303
            ],
            [
                0.07932692021131516,
                0.05528846010565758
            ]
        ]
    ],
    "seed": 42,
    "notes": "changed LR to .0001, run for 200 epochs"
}